1	GROUPE CHIMI- UE TUNISIEN	C. imie	2143300 2737619
2	GROUPE ELLOUMI	IEE IAA ImmoKilier	800000 1400000
3	GROUPE SFBT	IAA	1159409 1263468
4	GROUPE DELICE	IAA	972999 1229536
5	POULINA GROUP HOLDING(HTVA)	IAA	1029044 1183575
6	GROUPE TUNISAIR	Trans/ort aérien	1004000 1052000
7	GROUPE MABROUg	Finance Ind IAA	1118705    930726
8	GROUPE BAbAHI	Industrie IAA Serxices	700000 750000
9	GROUPE LOUgIL	Ind InJormatipue Serxices	630000 680000
10	GROUPE TTS	Tourisme Trans/qaérien	539241 588301
11	GROUPE MOHSEN HACHICHA	Ind IAA Serxices	415000 431000
12	GROUPE HAMROUNI	Industrie	333978          376060
13	GROUPE MEUBLATEh ET EL MOURADI	H' tellerie ind MeuKle	429604 347511
14	GROUPE ONE TECH	IndvElectronipue	305000 340000
15	UFI GROUP	Finance Ind Tourisme	214175 262574
16	GROUPE NOURI CHAABANE	BTP H' tellerie	197541          228954
17	GROUPE SLAMA	IAA	220230 227168
18	GROUPE AREM	Ind Tourisme Serxices	191946 201160
19	GROUPE TRIgI	Industrie IAA	151100 178000
20	GROUPE ZAL TUNISIE	Cuir et C. aussure	131094 171309
21	Grou/e HAMMAMI	MCCV	124799 148533
22	GROUPE ALLIANCE	Ind Tourisme Finance	130000 130000
23	GROUPE ASSAD	Industrie	66700          121414
24	GROUPE ALTEA PACgAGING (HT)	EmKallaQe	138363 119695
25	GROUPE SAID BOUZEBEL	Tourisme H' tellerie	116000
26	GROUPE gILANI	P. armacie MCCV Cosmétipue	98409 114209
27	GROUPE FOURATI	IAA Ind  Serxices	95000          110000
28	GROUPE STPA	C. imie Electricité	74000 94000
29	GROUPE EL ATHIR	IndvElectronipue	62362 91100
30	GROUPE *OUARI	Industrie Commerce	51849           89126
31	GROUPE CHAgIB NOUIRA	Te tile	88500            89000
32	GROUPE CONDITIONNEMENT HUILES OLIVES	IAA	110631           78801
33	GROUPE IGL	TIC	51964            72697
34	GROUPE BONNA TUNISIE	BTP	70615            70681
35	Grou/e ADEL BOUSSARSAR	Tourisme Serxices	65213            6  2108
36	GROUPE ZUDb	C. imie	53900            5  9970
37	GROUPE SOTUGATvSERGA*	EnerQie	37854           36001
38	GROUPE GHALI	Industrie	31700            34600
"1STE TNNE IND RAFFINAGE  STIRPétrole Dérixés27760003001000"
"2STE TNNE ELECTRICITE GA* STEGEnerQie23550002623900"
"3GROUPE CHIMI- UE TUNISIEN (1)C. imie15300001954000"
"4ENTREPRISE TNNE ACTq PETROLIERES ETAPPétrole Dérixés10007701600457"
"5TUNISIE TELECOMTélécommunications13750371400000"
"6STE NAT DISTRIBUTION PETROLE AGILPétrole Dérixés12698071388003"
"7ORASCOM TELECOM TUNISIETélécommunications9660001000000"
"8PHARMACIE CENTRALE TUNISIEIndvP. armaceutipue736851818295"
"9CIE PHOSPHATES GAFSA (1)Mines613304783619"
"10TOTAL TUNISIEPétrole Dérixés658089758209"
"11SHELL TUNISIEPétrole Dérixés585722613682"
"12MAGASIN GENERALCommerce DistriKution401129528067"
"13SOCOGES (3)IAA451640525133"
"14REGIE NAT TABACS ALLUMETTESIAA573000495000"
"15CARREFOURCommerce490000"
"16NOUVELAIRTrans/ort402655446619"
"17STE FRIGORIFI- UE BRASSERIE TUNIS (2)IAA389728433569"
"18OFFICE COMMERCE TUNISIECommerce306053426383"
"19MONOPRIh (6)Commerce DistriKution378371419126"
"20STE ENNAgLCommerce Serxices316430408794"
"21CARTHAGE POY ER COMPANb (du 01 05 au 30 04 )EnerQie322000332000"
"22MEDCOM (7)Télécommunications238000300000"
"23CIE TNNE NAVIGATION CTNTrans/ort maritine266203283583"
"24CLC DELICE (3)IAA236064278993"
"25SONEDEE /l ô  Dist Eau249997276781"
"26SOCIETE TNNE SIDERURGIEvEL FOULEDHSidérurQie271825263993"
"27LEONI TUNISIE SAIndvElectripue206000260000"
"28BENETTON TUNISIA SARLTe tile256086256086(X)"
"29ZOHNSON CONTROLS TUNISIAInd électronipue139859249297"
"30LE MOTEURIndvmecanipue245000245000(X)"
"31OFFICE AVIATION CIVILE AEROPORTS OACATrans/ort aérien245071240000"
"32GROUPE ALPHA INTERNATIONALAutomoKile Camion AutoKus 240000240000(X)"
"33STE EMBALLq ALUMINIUM BOISSONS GA*EUSES (2)IAA199348233484"
"34OFFICE NATIONAL DE LWHUILEIAA263874233153"
"35MANUFACTURE DES TABACS DE gAIROUANIAA172471218605"
"36LA POSTE TUNISIENNESerxices193485216951"
"37STARAssurances209613212768"
"38STIAL DELICE DANONE (3)IAA183971204508"
"39LES CIMENTS DWENFIDHAMCCV188511198559"
41	COMPAGNIE INTq LEASING	SerxvLeasinQ	161000	188000
42	CHAABANE ET CIE (12)	BTP	159179	178802
43	LES CIMENTS ZBEL EL OUST	MCCV	157390	172550
44	STE NAT CHEMIN FER TUNISIEN SNCFT	Trans/ort Jerroxiaire	161735	171800
45	STAROIL	Pétrole Dérixés	149154	167256
46	STE CHIMI- UE ALgIMIA	C. imie	132685	162846
47	TUNISIE CABLES (10)	IEE	149300	157700
48	STAFIM PEUGEOT	Commerce Serxices	139244	153887
49	SOCIETE NUTRITION ANIMALE (4)	IAA	129792	153405
50	MEDDIS(GEANT) (6)	DistriKution	139500	151000
51	CHIMIE COULEURS EMBALLAGE	IMM		140000
52	HANNIBAL LEASE	SerxicesvLeasinQ	94404	138112
53	AURES(CITROEN) (7)	Commerce Auto	114000	138000
54	SOMATRAvGET	BTP	101189	134798
55	ALMES (MEDOIL) (4)	IAA	119552	133873
56	TELEPERFORMANCE	Télécommunications		133618
57	COMAR	Assurances	119637	129644
58	STE TNNE CHOCOLAT CONFISERIE  SOTUCHOC(6)	IAA	131000	128000
59	CENTRALE LAITIERE  MAHDIA VITALAIT	IAA	110542	126009
60	TUNISAIR TECHNICS (5)	Trans/ort	121034	125000
61	OFFICE NATq ASSAINISSEMENT ONAS	Serxices	111600	123400
62	SOCIETE TNNE BISCUITERIE SOTUBI (6)	IAA	114000	122000
63	LES CIMENTS DWOUM EL gELIL	MCCV	97509	121781
64	STE CIMENTS GABES	MCCV	110274	114906
65	DICg (4)	IAA	94004	113065
66	STE TNNE IND PNEUMATI- UEvSTIP	Ind Pneumatipue	104167	113024
67	EL MA*RAA (4)	IAA	93833	112330
68	SNBG ET SONOBRA	IAA		110000
69	CIMENTS ARTIFICIELS TUNISIENS	MCCV	92765	109606
70	OFFICE MARINE MARCHANDE PORTS OMMP	Trans/ort maritine	95728	106964
71	CARTHAGO CERAMIC (4)	MCCV	84820	104884
72	STE TNNE IND PI- UAGE	CuirvC. aussure	93332	101161
73	INDUSTRIES ALIMENTAIRES TUNISIE (6)	IAA	94000	101000
74	STE CONST METAL NAVALES INDUSTRIELLES	IME	105000	100000
75	UNPA (LWEPI DWOR)	IAA	96436	100000
76	SOCIETE TNNE FILTRES	Industrie	88000	99000
77	MANUFACTORING INTq COMPAGNIE	Te tile	64000	98887
78	COGEPHA	IndvP. armaceutipue	101134	98306
79	TUNISIE PROFILES ALUMINUMvTPR	Industrie	78040	98029
80	STE TNNE ACCONAGE MANUTENTION	Serxices	96674	97844
81	GAT	Assurances	78071	95354
82	SANCELLA TUNISIE	Industrie	89000	95000
83	CENTRALE LAITIERE NORD (3)	IAA	75323	92700
84	ASSURANCE MUTUELLE ITTIHAD	Assurances	91769	92591
85	GENERALE BOISSONS INDUST ALIMENTAIRES (2)	IAA	85136	92286
86	ASTREE	Assurances	83714	90804
87	SLAMA FRERES (13)	Industrie	95691	89472
88	CARTE	Assurances	78610	88939
89	LES GRANDS ATELIERS DU NORD (4)	Industrie	79334	87610
90	MAGHREBIA (11)	Assurances	80982	87084
91	TUNISAIR HANDLING (5)	Trans/ort	86042	86474
92	AGENCE FONCIERE HABITATION	ImmoKilier	72000	85000
93	STE ASSEMBLAGE ELECTRq ELECTRONI- UE (SAEE)	IEE	44073	85000
94	STE STATIONS THERMq EAUh MINERALES SOSTEM (2)	IAA	76689	83890
95	SOMOCER	Industrie	72026	83736
96	MEUNIERE TUNISIENNE (8)	IAA	83000	83000
97	ATTIZARI LEASING	SerxvLeasinQ	49082	80501
98	PARENIN	Serxices	79335	79335
99	PROMOSPORT	Serxices	43125	79309 (X)
100	ASTEEL ELECTRONI- UE TUNISIE	Carte électronipue	60000	77000
101	STE SERVICES NATIONAUh RESIDENCES	Serxices	5689	76358
102	TUNIS RE	Réassurance	60777	73721
103	STE TUNvANDALOUSE CIMENT BLANC SOTACIB	MCCV	48980	72078
104	TRANSTU	Trans/ort	74189	70846
105	LES VIGNERONS DE CARTHAGE	IAA	67179	70527
106	TUNISIE LAIT	IAA	73420	70429
107	STE CONDITIONNEMENT HUILES v SOCOHUILE	Industrie	61836	70000
108	EL Y IFACg LEASING	ServLeasinQ	57549	69219
109	STE COMMERCIALE PRODUITS CHIMI- UES (14)	C. imie	53103	67679
110	MUTUELLE ASSURANCE ENSEIGNEMENT	Assurances	60104	67103
111	MEUBLATEh (9)	Industrie MeuKles	68670	66679
112	GIAS (13)	IAA	59372	65932
113	LES CIMENTS DE BI*ERTE	MCCV	63750	65693
114	ELECTROSTAR (8)	Serxices	81000	64000
115	STE TNNE BOISSONS GA*EUSES (2)	IAA	60946	63686
116	PROSID	SidérurQie	53557	63047
117	SOTUDIS	Distr matq traxau  /uKlics	41784	63025
118	PROgIM (15)	C. imie	60000	63000
119	STE ITALOvTNNE EhPLOITATION PETROLIERE	Mines énerQie	56024	62580
120	FUBA PRINTED CIRCUITS TUNISIE SA (10)	IEE	45400	61800
121	LES INDUSTRIES CHIMI- UES DU FLUOR	C. imie	65605	61092
122	BSB SA	Commerce Bureautipue	64000	61000
123	CIE TNNE PHARMACEUTI- UE	IndvP. armaceutipue	60000	61000
124	ASSURANCES BIAT	Assurances	50642	60241
125	LWACCUMULATEUR TUNISIEN ASSAD	Industrie	51725	60227
126	TRAPSA	Trans/ort Qa oduc	63200	59700
127	IGL DISTRIBUTION	Electripue Electronipue	46730	59034
128	GROUPE SMTI	LoQistipue Trans/ort	58334	58334
129	AIR LI- UIDE TUNISIE	C. imie	54378	57955
130	INDUSTRIELLE TEhTILES	Te tile	45104	57825
131	Y ASHING INTERNATIONAL CIE	Te tile	50000	56862
132	MANUFACTURE PRODUITS CHIMI- UES	C. imie	42534	56000
133	COMPTOIR NATIONAL TUNISIEN	Commerce	51000	56000
134	Ets Mq LOUgIL et Cie (7)	Commerce	45300	56000
135	MEUBLATEh INDUSTRIES (9)	Industrie	57017	55732
136	ECONOMIC AUTO (7)	Commerce	41200	55000
137	SOPAT(MLIHA)	IAA	45292	54884
138	STE COMMERCE INTERNAT TUNISIEvSCIT	NéQoce	52890	54190
139	STE NOUVELLE BOISSONS  SNB (2)	IAA	92136	53942
140	LABORATOIRE ADY bA	IndvP. armaceutipue	51071	53700
141	FLORUS DISTRIBUTION SARL	Industrie	51200	53000
142	CTAMA	Assurances	49691	52609
143	STE EL ATHIR		43000	52100
144	CIE TNNE RESSORTS LAMES (11)	Industrie	31487	51367
145	CONFISERIE TRIgI LE MOULIN	IAA	43011	50110
146	UNIPACg (4)	Industrie	43775	49940
147	STE ARABE IND PHARMACEUTI- UES	IndvP. armaceutipue	44700	49700
148	STE HIGHT MAGHREB TECHNOLOGb (8)		58000	49000
149	LLObD	Assurances	42622	48737
150	BONNA BETON MATERIAUh PREFABRI- UES	MCCV	43400	48700
151	STE CABLAGES VEHICULES	IEE	63119	48569
152	STE IND PHARMACEUTI- UE DE TUNISIE	IndvP. armaceutipue	45862	47238
153	SOCIETE LAIT DERIVES (2)	IAA	37751	47038
154	CAROSSERIES AUTO MATERIELS ELEVATEURS (11)	IME	38235	46470
155	MODERN LEASING	SerxvLeasinQ	39061	44790
156	SOCIETE NAT IMMOBILIERE TUNISIE	ImmoKilier	31100	44700
157	STE DE PRODq DWARTICLE LAITONvSOPAL	IndvMétallipue	38700	44700
158	STE TNNE MINOTERIE ET DE SEMOULERIE	IAA	40228	44383
159	STE BOISSONS TUNISIE (2)	IAA	41627	44287
160	STE IND CONSERVES ALIMENTAIRES SICAM	IAA	39809	44165
161	CIE TUNISIENNE  DE FORAGE	EnerQie	27351	44142
162	LES IND ALIMENTAIRES RANDA (8)	IAA	45000	44000
163	STE NAT CELLULOSE ET PAPIER ALFA	IndustrievCommerce	34728	42786
164	STE CONDITION HUILES OLIVES CHO	IAA	58646	42520
165	SOCIETE TRACTEURS DIESEL	CommercevIndustrie	34305	41958
166	STE REGION TRANSPORT GOUVERNORAT SFAh	Trans/ort	39169	41812
167	GROUPE MAGHREB MANAGEMENT INDUST	Industrie	24186	41657
168	TUNISIE LEASING	SerxvLeasinQ	36200	40718
169	STE INVESTq HOTELIERS EL MOURADI (9)	H' tellerie	48504	40455
170	SOTETEL	Télécommunications	31483	39618
171	TUNISIE AUTOROUTES	Serxices	33399	39319
172	STE REGIONALE IND LAITIERES bOGO	IAA	39894	39231
173	LES GRANDS MOULINS DE TUNIS	IAA	41500	39110
174	AGENCE TECHNI- UE TRANSPq TERRESTRE	Serxices	36029	39007
175	EL ATHIR SERVICES	Serxices	19362	39000
176	STE TNNE E- UIPEMENT	Commerce	38692	38781
177	BEST LEASE	SerxvLeasinQ	38000	38000
178	CAISSE PRETS SOUTIEN COLLECTq LOCALES	Serxices	31684	37860 (X)
179	TUNISAIR EhPRESS (5)	Trans/ort aérien	33085	37831
180	BOUDZBEL VACPA	IAA	37735	37231
181	ALBATEh	Te tile	43791	36980
182	STE AUTO CABLES TUNISIE (10)	Indvélectronipue	19200	36900
183	ASTRAL	C. imie	36413	36819
184	ASSURANCES SALIM	Assurances	33219	36774
185	CHO CAMPANb	Industrie	42563	36281
186	ASSAD INTERNATIONAL	Commerce international		36274
187	SUPER CABLES	IEE	33717	36115
188	SERGA*	EnerQie		35893
189	STRAMICA (STRAMIFLEh)	Industrie du Bois	30092	35046
190	BONNA TUNISIE	BTP	38700	33100
191	MEDITERRANIAN INDUSTRIEL GROUP (7)	IMM	28000	33000
192	INTEGRA PARTNERS	Finance	25605	32308
193	STE VIANDES AVICOLES MOgNINE v SOPROVAM	IAA	31429	32089
194	COGITEL	Industrie	42624	31997
195	LA PAIh (4)	Tourisme loisirs	28385	31936
196	ARAB TUNISIAN LEASE	SerxvLeasinQ	26778	31848
197	SORIMEh	Commerce	29794	31556
198	TUNISIE CATERING (5)	Trans/ort	33473	31189
199	TOPNET	TIC	26341	31160
200	SOTEME	Commerce	23217	30888
201	MEDITTERRANEAN FOOD INDUSTRb	Industrie	18000	30000
202	MUTUELLE GENERALE ASSURANCES	Assurances	24157	29993
203	SUPER MOUSSE	Industrie	24401	29934
204	GENERAL E- UIP IMAGERIE MEDICALE MAINTENANCE	Commerce	18000	29000
205	INOPLAST	IndvPlastipue	28000	29000
206	STE SOGES (8)	Tourisme H' tellerie	25000	29000
207	TELNET	InJormatipue	24200	28980
208	TTE INTERNATIONAL (10)	Electro Mécanipue	22000	28700
209	PROTEINES VITAMINEES ALIMENTAIRES	IAA	24908	28500
210	EL MAY ASSIR	Plastipue	21848	28199
211	HqHqY  SA  (HAIER) (8)	Industrie	26000	28000
212	HORCHANI  DATTES	IAA	28000	28000
213	STE NAT TRANSPORT INTERURBAIN	Trans/ort	25904	27048 (X)
214	STE SODINCO (8)	Industrie	23000	27000
215	ASSURRANCES MAGHREBIA VIE (11)	Assurance	21962	27000
216	MAR- UARDT AUTOMOTIVE TUNISIE	IEE	15001	27000
217	SBC (3)	IAA	24406	26014
218	GENERALE CONFORT ELECTRO NABLI	Commerce DistriKution	21377	25683
219	STE TNNE BOISSONS OUEST (2)	IAA	20355	25517
220	GROUPE SERVICOM	Télécommunications	20269	25335
221	SOCIETE TTS	Tourisme	28187	25246
222	STE REGION TRANSPORT NABEUL	Trans/ort	23695	25229
223	COMPTOIR GENERAL BzTIMENT	Commerce	27000	25000
224	MSFvROTOPLAST	C. imie	25076	25000
225	SOTEFI	Fournitures Scolaires	24219	24696
226	SOCIETE DISTRIBUTION BOISSONS (2)	Serxices	26336	24466
227	LABORATOIRES TERIAg	IndvP. armaceutipue	24382	24382
228	SOCIETE TUNISIENNE VERRIERE v SOTUVER	Industrie	26215	24349 (X)
229	PORTA	Industrie	28029	24331
230	STE REGION TRANSPORT BI*ERTE	Trans/ort	22564	24265
231	TUNISAVIA	Trans/ort	24910	24242
232	STE TNNE ENTREPRISES VENTES SOTEV (2)	IAA	22705	24116
233	HqHqY  TRADING (9)	Commerce		24000
234	FILATURE ITALIENNE	Te tile	22500	24000
235	MODERNE CONFECTION	Te tile	20790	23908
236	STE TNNE BOISSONS NORD (2)	IAA	25210	23874
237	AGENCE FONCIERE INDUSTRIELLE	ImmoKilier	36233	23833
238	GRANUPHOS SA	C. imie	9562	23764
239	TUNISIE VObAGES (16)	Tourisme Serxices	25034	23753
240	TTE (10)	Serxices Télécoms	27000	23600
241	TOPEgA	Te tile	20588	23512
242	IGL INDUSTRIE	Electr Electronipue	19632	23295
243	STE EL HAMMAM (11)	Tourisme	21920	23249
244	ROTOPACg	Industrie	26343	23181
245	CENTRALE MATERIEL E- UIPEMENT (12)	Commerce	15879	22898
246	BRASLAM (13)	Commerce	20751	22357
247	SOCIETE ERRAFAHA (2)	IAA	19377	22294
248	ROLAND EMBALLAGES	Industrie	26455	22128
249	STE TNNE EhPLOSIFS MUNITIONS	Industrie	23146	22102
250	CIE AFRICAINE PEINTURES (15)	C. imie	22000	22000
251	SOCIETE TNNE LUBRIFIANTSvSOTULUB	Pétrole Dérixés	20201	21752
252	STE IND APPAREILLAGE MATERIELS ELECTR	Industrie	21827	21703
253	IMPRIMERIE OFFICIELLE REPUBLI- UE TNNE	Im/rimerie	20963	21472
254	STE INDUSTRIELLE AMORTISSEURSvSIAM	Industrie	18173	21467
255	GROUPE SITS	BTP	15579	20834
256	STECOM	Industrie	22404	20679
257	ASSURANCE HAbETT	Assurances	17001	20618
258	CHRISTINE CONFECTION	Te tile	15253	20486
259	CARTONNERIE TUNISIENNE	Industries	16695	20287
260	COMPTOIR SUD PAPIER	Commerce	21478	20010
261	MIhAL (8)	C. imie	19000	20000
262	OTI TUNISIE	Trans/ort	18000	20000
263	STE REGIONALE TRANSPORT GAFSA	Trans/ort	18121	19653
264	SIPS (14)	MCCV	13192	19624
265	FILATURE MAHDIA	Te tile	14492	19437
266	SOMEFvTUNISIE	IEE	15579	19363
267	STE TOURISTI- UE EL MOURADI (9)	Tourisme	18667	19200
268	SOFI PECHE	IAA	9390	18940
269	STE DETERGENTS TUNISIE	C. imie	16391	18820
270	SOFAP (14)	MCCV	14207	18724
271	CONFECTION RAS ZEBEL	Te tile	21915	18710
272	CAIR TUNISIE	IndvP. armaceutipue	15374	18632
273	STE TNNE EMBALLAGES MODERNES	Industrie	21842	18451
274	NOUVELLE SOTIM	Industrie	17552	18351
275	INDUSTRIE GENERALI TUNISIA	Industrie	13976	18209
276	SOTRAPIL	Trans/ort	16373	18150
277	SANIMED	Industrie	14040	17946
278	GROUPE ALMIA REFRIGERATION	Industrie	21736	17758
279	STE PLACEMENT DEVELOPPt TOURISTI- UE (2)	Tourisme	10824	17672
280	GIAS DISTRIBUTION (13)	Commerce	17577	17585
281	SPASS	IAA	18671	17580
282	DORRA IND MAGHREBINES ALIMENTq DIMA	IAA	16233	17574
283	GROUPE ABOU Y ALID	Industrie	22144	17370
284	COMPTOIR NATIONAL PLASTI- UE	C. imie	16228	17273
285	HOTEL PALACE	Tourisme	17523	17229
286	STE EhPLOIT CANAL ADDUCTIONS EAUh NORD SECADENORD	E /l DistriKution	13664	17073
287	GLE INDUSTRIES DE PEINTURE	Industrie	15600	17000
288	VETEMENT MARATHON	Te tile	15153	16929
289	PFI*ER TUNISIE	IndvP. armaceutipue	15971	16896
290	VLT (9)	H' tellerie	16539	16858
291	LA PREFORME (2)	C. imie	13846	16789
292	STE IMMOBILIERE TOURISTI- UE TSIE SITT AFRICA (9)	Tourisme	13741	16536
293	TRANSPORT SAHEL	Trans/ort	16727	16524
294	EMS (14)	MCCV	20428	16297
295	SOHATRAM	Trans/ort	10564	16253
296	STE IMMOBILIERE PARTICIPATIONS	ImmoKilier	20724	16047
297	STE CONSERVE ALIMENTq PRODUCTEUR CAP BON	IAA	17450	16008
298	SOCIETE REGIONALE DE TRANSPORT DE  MEDENINE	Trans/ort	14910	15991
299	ABV TUNISIE (11)	Tourisme	10041	15399
300	STE EMBALLAGE SAHEL	EmKallaQe	12721	15231
301	MIB (13)	Commerce	9874	15095
302	PANOBOIS (9)	Industrie	15560	14565
303	SMTT	Trans/ort	7854	14545
304	ESSOUgNA	ImmoKilier	17346	14376
305	AISA (5)	Trans/ort	9658	14194
306	EFFE 1	C. aussures	14100	14050
307	STE ALTRAD TUNISIE	IndqMéc Métallipue	11712	13671
308	AGENCE REHABILITATION RENOVATION URBAINE	UrKanisme	6105	13577
309	SEPT MOURADI GAMMARTH (9)	H' tellerie	10933	13463
310	SOCIETE AL gHOUTAF	Industrie	14134	13142
311	ELEONETECH (10)	Elect Mécanipue	9200	13100
312	REGIE NATIONALE ALCOOLS	IAA	13416	13048
313	CALEMBO	IAA	13000	13000
314	MAGHREB INDUSTRIE PLASTI- UES	Plastipue	10434	12787
315	HUILERIE LOUED	Industrie	20000	12500
316	MONETI- UE TUNISIE	SerxvMonétipue	8900	12456
317	BITS INFORMATI- UE	SerxvInJormatipue	16812	12386
318	DEMCO gNITY EAR	Te tile	11600	12359
319	MAMI	Te tile	10348	12322
320	BIENS E- UIPEMENTS HOTELIERS	Epui/ement	12553	12242
321	SERVITRA	Télécommunications	10561	11868
322	SANI SUD	Commerce	12368	11796
323	CENTRALE TNNE INDq PEINTURE	Industrie	9536	11047
324	INDUSTRIELLE MEDICAMENT	IndvP. armaceutipue	13351	11015
325	SOTREGAMES v GABES	Trans/ort	10731	10829
326	LES ATELIERS MECANI- UES INDUSTRIELS	Industrie	9815	10812
327	AMADEUS TUNISIE (5)	Tourisme Loisirs	9123	10751
328	STE HOTEL MOURADI GOLF HOTEL MOURADI PALACE (9)	H' tellerie	11146	10743
329	FUTS METALLI- UE EMBALLAGE PLASTI- UE	EmKallaQe	9759	10618
330	MERSA	Industrie	5692	10607
331	STE IMMOBILIERE VIABILISATION	ImmoKilier	12500	10553
332	GROUPE AMORIM	Industrie	10121	10498
333	STE MEDITEh   DEVANLb TUNISIE	Te tile	10008	10255
334	COTUPLAST	Industrie	11458	10185
335	GROUPE OhIA	SerxvInJormatipue	10415	10159
336	CIE GHORBEL EhPORTATION	Commerce	11279	10136
337	CONSORTIUM DES IMMOBILIERE MAGHREBINES	ImmoKilier	4960	10025
338	TUNISIE MICROvINFORMATI- UE	InJormatipue	18500	10011
339	Y HIRPOOL (15)	Commerce	8000	10000
340	STE  INDUSTRIELLE TRANSFORMATION	Industrie	7167	9857
341	*ITA (13)	IAA	11516	9849
342	COMETE ENGINEERING	Serxices	7138	9817
343	SNITvSUD	ImmoKilier	10923	9765
344	STE TNNE CHAUFFAGE ECLAIRAGE PLOMBERIE	Commerce	8920	9758
345	GIF FILTER	IMM	10906	9705
346	AGENCE TUNIS AFRI- UE PRESSE	InJormation	9471	9705
347	STE TNNE COLLECTE LAIT (2)	IAA	4412	9686
348	EUROCONFEh (MB CONFECTION)	Te tile	8038	9601
349	CIE PROMOTION IMMOBILIERE TOURISTI- UE (6)	ImmoKilier	9000	9600
350	STE HOTELIERE gANTAOUI PALMARINA (9)	H' tellerie	9558	9590
351	TECHNIPLAST INDUSTRIE (10)	Electronipue	5800	9500
352	STE IMMOBILIERE EL MEDINA	ImmoKilier	8100	9491
353	PROSID SUD (HT)	SidérurQie	6378	9383
354	UNION INTERNATIONNALE FILATURE	Te tile	7792	9363
355	AMC ERNST ô  bOUNG	Audit Conseil	8400	9300
356	PLASTIC SFAh	EmKallaQe	7500	9200
357	FRIGOLINE (10)	Tourisme	15378	9185
358	STE MATERIEL CLIMATISATION (11)	Serxices	8137	9114
359	ENFAVET	Te tile	6852	9089
360	CENTRALE DE DISTRIBUTION AUTO	Commerce	9866	9051
361	STE TOURISTq EL MANSOUR MAHDIA (15)	Tourisme	12000	9000
362	RObALE MAHDIA (15)	ElectroménaQer	11000	9000
363	BM BROSSES	Plastipue	7964	8930
364	TISSAGE MEUBLATEh (9)	Industrie	9746	8924
365	NCI (14)	MCCV	5925	8839
366	GROUPE STIVEL	Te tile	11464	8725
367	SERVITRADE	Télécommunications	5947	8723
368	SNIT NORD	ImmoKilier	9491	8682
369	ISALbS	Te tile	9936	8615
370	TUNISIE FACTORING	Finance	7955	8584
371	GROUPE ISA	Te tile	9982	8530
372	SOCIETE TNNE SUCREvSTS	IAA	71706	8516
373	SITS SgANES BEACH (9)	Tourisme	9893	8359
374	GROUPE ADVANCED EvTECHNOLOGIE AeTECH	TIC	8342	8298
375	LES CARRELAGES CHOISIS GABES	MCCV	8152	8125
376	AGENCE PORTS INSTALLATIONS PECHE	Serxices	8088	8059
377	ADVENTURE LAND PLATE FORME	Te tile	11120	7953
378	SODIMAC (14)	Commerce Santé	6396	7932
379	SIED	EmKallaQe	12172	7903
380	STE LA GRIFFE	Te tile	7600	7800
381	SOGEGAT	Serxices	7130	7740
382	MONDIAL E- UIPEMENT MATERIELS ALIMENTq	Epui/ement	7655	7700
383	MEHARI HAMMAMET (16)	Tourisme	7540	7649
384	STE TNNE MARCHES GROSvSOTUMAG	Commerce Serxices	7177	7618
385	GENERAL TRANSPORT INTERNATIONAL	Trans/ort	7564	7527
386	SNIT CENTRE SOUSSE	ImmoKilier	8478	7508
387	MEDICOvCHIRUGICAL	Commerce	3170	7390
388	OPTIMA	Industrie	9619	7310
389	GIT	Commerce	6396	7285
390	GENERALE DE PRECONTRAINTE	MCCV	7752	7268
391	STE EL MOURADI COMMERCE (9)	Commerce	7244	7244
392	STE IFRIgbA HOLDING SARL	Te tile	6662	7204
393	BôB TRICOT	Te tile	5600	7200
394	IFEHUILE	Industrie	5898	7104
395	INOPLAST LOISIRS (8)	Plastipue	7000	7000
396	PROMO FOOD (15)	IAA	7000	7000
397	CITE NATIONALE  SPORTIVE	Serxices	6888	6762
398	IND FABRICATION COLLE ET DERIVES	C. imie	5966	6699
399	TOP FINITION	Te tile	6716	6602
400	RO*ATEh	Te tile	5100	6600
401	STE ALIMENTS BETAIL GHRAIEB FILS	IAA	3927	6500
402	ZAEGER CONTROLS TUNISIA SA	Industrie	5892	6495
403	STE FERMETURE EMBALLAGES PLASTI- UE (2)	Plastipue	6875	6471
404	PROMOTEL (HOTEL RAS EL AIN gASBAH gAIROUAN) (16)	Tourisme	6822	6406
406	COTUNACE	Assurances	6177	6364
407	LAFPROM TUNISIE	Te tile	2052	6298
408	STE BALNEAIRE HAMMAMET SUD BAHAMAS (9)	Tourisme	21317	6295
409	SOTECA ELECTRIC	Electricité	5148	6247
410	SOBITEh	Te tile	5319	6140
411	AL MAADEN	Industrie	4861	6047
412	INSTANCE NAT TELECOMMUNICATIONS	Serxices	5207	6012
413	STE FABRICATION MATERIEL MEDICAL	Industrie	3500	6000
414	UNITED CHIMICAL PARTNERS (15)	C. imie		6000
415	SOCIETE TISSAGE VELOURS	Te tile	7238	5941
416	PC RETAIL OUTLET	DistriKution	4277	5882
417	RAFFINERIE (GROUPE ABOU Y ALID)	Industrie	7407	5882
418	ETABLISSEMENT *OUARI	Commerce		5860
419	STE DELFA	Te tile	5289	5800
420	BETON MANUFACTURE SUD	MCCV	5922	5799
421	AVIATION TRAINING CENTER OF TUNISIA	Serxices	6568	5796
422	AGENCE TNNE COOPq TECHNI- UE ATCT (5)	Serxices	6679	5770
423	LES OLIVIERS PALACE (16)	Tourisme H' tellerie	6358	5770
424	PROSID CENTRE (HT)	SidérurQie	5829	5662
425	STMT (14)	Trans/ort	4299	5551
426	STE PROMOTION INDUSTRIS METALLI- UES	IMM	5576	5512
427	STE SERVICES MAITRISE RIS- UES IND	Serxices	2946	5483
428	PLASTEgA	Industrie	4596	5423
429	CENTRE PIECES INDUSTRIELLE AUTO	Commerce	5679	5375
430	CENTRE INFORMATI- UE MINISTERE FINANCES	SerxvInJormatipue	4257	5301
431	SIDILEC INTERNATIONAL	IEE	4364	5278
432	POLE GHA*ALA TECHNOLOGIES COMMUNICATION	Serxices	4272	5270
433	HANNIBAL TOURS (16)	Tourisme H' tellerie	5330	5193
434	DAMAg SHIPPING	Serxices	4500	5167
435	SOTUPA	Industrie	4800	5100
436	STE ELAN PLUS	Cuir et C. aussure	4557	5088
437	GROUPE APEM TUNISIE	Electricité	3545	5019
438	CENTRE ETUDE RECHERCHE TELECOMq	Télécommunications	5797	5001
439	STE AGROALIMENTAIRE TUNISIE	IAA	3500	5000
440	TUNISIE FARINE (8)	IAA	4000	5000
441	INTERNATIONAL CONFECTION	Te tile	3471	4970
442	SOCIETE AL gHOUTAF ONDULE	EmKallaQe	4277	4917
443	PHILBERT TUNISIE	Industrie	6010	4900
444	STE REGIONALE TRANSPORT BEZA	Trans/ort	3957	4887
445	gINGFLEh  gAIROUAN	Indq/. armaceutipue	3815	4872
446	STE REGIONALE TRANSPORT gASSERINE	Trans/ort	4412	4710
447	STE INDUSTRIELLE LINGERIE	Te tile	4410	4675
448	PLASTIFILM SqAq	Industrie	4200	4670
449	STE LE MEUBLE	MeuKles	3724	4620
450	AGRINVEST	IAA		4501
451	FLEhIPACg	EmKallaQe	3500	4500
452	SERVICOM	Télécommunications	3508	4383
453	STTg HAMMAM BOURGUIBA	Tourisme	6747	4365
454	STE IMMOBILIERE NOTRE DAME	ImmoKilier	19707	4301
455	SOCIETE FORUM LIVII	Te tile	2945	4284
456	SIMONE TEhTILE	Te tile	4587	4266
457	ENTREPRISE MOHAMED HSAN	Trans/ort	4494	4207
458	STE GLE ORGANISATION PROMOq EhPOSITIONS SOGEFOIRES	Serxices		4200
459	IMMOBILIERE LW& ILLET	ImmoKilier		4188
460	SILEh EhPORT	Te tile	3922	4000
461	E**ITOUNA SUPER MARCHE	Commerce	5410	3993
462	STE EhPANSION LITERIE MATELASSERIE	Industrie	3319	3980
463	FITOLINA	Industrie	7891	3975
464	COMPAGNIE TUNISIE MEUBLE	Industrie	2987	3937
465	SOFCASUD (14)	MCCV	3480	3885
466	POLb PLAST	Plastipue	3649	3860
467	SOCIETE TUNq INVESTISSEMENT TUNINVEST	Finance	2407	3852
468	ENERSbSvASSAD	Industrie		3808
469	STE TNNE E- UIPEMENT	Industrie	3503	3804
470	AGENCE FONCIERE AGRICOLE	Serxices	3891	3802
471	STE TOURISTI- UE MOURADI TO*EUR (9)	Tourisme H' tellerie	3436	3793
472	PARC ACTIVITES ECONOMI- UES BI*ERTE	Serxices	3420	3777
473	OLIVOLIO	Industrie	3523	3755
474	INSTq COMPETITIVITE ETUDES - UANTITATIVES	Economie Social Etudes	3275	3686
475	STE MISE VALEUR DEVELOPq AGRICOLE ’ RAOUDHA’  (2)	IAA	3062	3666
476	STE TNNE TRICOTAGE ET CONFECTION	Te tile	3428	3574
477	CAP BON FRIGORIFI- UE PLUS	IAA	3657	3508
478	STE REGIONALE TRANSPORT ZENDOUBA	Trans/ort	3529	3487
479	STE DOUh FIL	Industrie	2628	3449
480	SLAMA HUILES (13)	IAA	2633	3439
481	MAHDIA CORSETERIE	Te tile	2697	3422
482	CAP BON FRIGORIFI- UE PLUS	IAA	3600	3400
483	COMPUNET	SerxvInJormatipue	3731	3394
484	BUANDERIE CENTRALE EL MOURADI (10)	Tourisme	6715	3357
485	OFFICE THERMALISME	T. ermalisme	2696	3357
486	SPTM CAP MAHDIA (9)	Tourisme	3575	3327
487	OFFICE DEVELOPPEMENT RZIM MAATOUG gEBILI		3413	3247
488	STE INDUST COMMERCIALE BOIS	Commerce	3482	3244
489	DUMMEL	Te tile	3060	3205
490	LE CAVALIER	Te tile	4749	3200
491	BRObAGE ENSACHAGE PRODq PRODUITS CHIMI- UES	C. imie	4000	3200
492	FONDATION NAT AMELIORATION RACE CHEVALq	ElexaQe	3005	3195
493	MAGHREB COMPTEURS	IME	5423	3183
494	ALIF	Mines énerQie	2695	3021
495	BOULANGERIE VIENNOISERIE MEDITERRq (8)	IAA	3000	3000
496	MANUFACTURE TNNE VERNIS (8)	C. imie	3000	3000
497	E- UIPEMENT HbDRAULI- UE	Industrie	3000	3000
498	SOCIETE Y IDED IMPORT EhPORT (8)	Serxices	1000	3000
499	IMMOBILIERE DE LA LIBERTE (15)	Industrie	3000	3000
500	ALLIANCE TECHNOLOGIE (15)	Monetipue		3000
501	STABbL TUNISIE	Te tile	2200	3000
502	STE BELgHIRIbA INDUSTq (SBI ORMA*ABAL)	Industrie	3598	2968
503	UNION FINANCIERE (11)	Finance	1411	2889
504	IMMOBILIERE LA CONCORDE	ImmoKilier		2852
505	BOMAR	MCCV	2493	2844
506	OFFICE DEVELOPPEMENT SUD	Serxices	2702	2833
507	GOLDEN bASMIN (16)	Tourisme	2811	2790
508	AMINA	Assurances	2754	2790
509	METAL INDUSTRIE	IndvMetallipue	2827	2761
510	LE LOGEMENT	ImmoKilier	6086	2675
511	STE SACEMA	Electr Mecanipue	1559	2654
512	SPT (HOTEL MEHARI DOU*)(16)	Tourisme	2880	2629
513	STE MODERNE CUIRS PEAUh	Industrie	2568	2566
514	SOCIETE RACING HORSE	Te tile	2000	2562
515	ACE	Commerce		2502
516	MESZED AISSA CONFECTION MACO	Te tile	3128	2491
517	STIP PLASTI- UE	Plastipue	3504	2481
518	ASSURCREDIT	Assurances	1993	2443
519	COGITELA	EmKallaQe		2441
520	STE SICOVET	Te tile	2154	2225
521	GEELEC	Commerce		2222
522	OMNIUM CHIMI- UE MAGHREBIN	C. imie	2229	2195
523	DELTA PLASTIC	Plastipue	1595	2188
524	GHARIANI AUTO	Commerce	2988	2177
525	AGENCE NAT CERTIFq ELECTRONI- UE	Serxices	1841	2132
526	MESY A TUNISIE	Industrie		2107
527	OFFICE LOGEMENTS PERSONNELS MINISTERE EDUCATION	Serxices	2073	2090
528	GROUPE LAMIRI	Te tile	2379	2074
529	DOMOTECH SA	Serxices	1755	2067
530	SOCIETE INDUSTRIELLE LINGERIE	Te tile	2182	2031
531	SOFIG	IAA	3028	2004
532	STE ARABE DE PROMOTION IMMOBILIERE	IAA	1900	2000
533	COMPAGNIE TRANSPORT Y IDED DITE	Trans/ort	2000	2000
1  G  ROUPE CHIMI- UE TUNISIEN C. imie	1733000
2 GROUPE ELLOUMI IEE	1340000
3 ENT TNNE ACTq PETROLIERES ETAP Pétrole Dérixés	838698
4 NOUVELAIR Trans/ort	446619
5 TUNISIE TELECOM (X) Télécommunications	281740
6 LEONI TUNISIE SA IndvElectripue	257000
7 BENETTON TUNISIA SARL (X) Te tile	256086
8 ZOHNSON CONTROLS TUNISIA Electronipue	249297
9 GROUPE ONE TECH Electronipue	245000
10 GROUPE ZAL TUNISIE Cuir et C. aussure  171309	
11 POULINA GROUP HOLDING(HTVA) IAA	156044
12 STE CHIMI- UE ALgIMIA (X) C. imie	127000
13 STE TNNE IND RAFFINAGE  STIR Pétrole Dérixés	122000
14 COMPTOIR NAT TUNISIEN (X) Commerce	118127
15 STE SOTUGAT EnerQie	108251
16 GROUPE LOUgIL IndvMeta InJo Auto	105000
17 MANUFACTORING INTER COMPAGNIE Te tile	98887
18 TUNISIE CABLES IEE	94300
19 GROUPE NOURI CHAABANE BTP	88881
20 STE ASSEMBLAGE ELEC v ELECTRO (SAEE) IEE	85000
21 GROUPE ALTEA PACgAGING (HT) EmKallaQe	83786
22 CIE PHOSPHATES GAFSA Mines	81686
23 STE TNNE FILTRES Industrie	81000
24 GROUPE CONDITIONq HUILES OLIVES Industrie	78801
25 ASTEEL ELECTRONI- UE TUNISIE Electronipue	77000
26 GROUPE DEMCO Te tile	75752
27 GROUPE SLAMA IAA	73156
28 UFI GROUP Finance Ind Tourisme	72866
29 GROUPE HAMROUNI Industrie	71876
30 STE CONST METALq NAVALES IND IME	71000
31 Grou/e HAMMAMI MCCV	68747
32 GROUPE FOURATI IAA Ind Serxices	66700
33 FUBA PRINTED CIRCUITS TUNISIE SA IEE	61800
34 STE NAT DISTRIBq PETROLE AGIL  Pétrole Dérixés	57000
35 Y ASHING INTERNATq CIE Te tile	56862
36 STE COMMERCE INTERNAT TSIE NéQoce	54190
37 GROUPE ASSAD Industrie	53600
38 SANCELLA TUNISIE Industrie	52000
39 CIE TNNE RESSORTS  LAMES Industrie	51367
40 STE CABLAGES VEHICULES IEE	48569
41 STE TNNE MINOTq  SEMOULERIE IAA	44383
42 STE TUNvANDALOUSE CIMENT BLANC SOTACIB MCCV	43039
43 STE TNNE IND PNEUMATI- UE Pneumatipue	39024
44 STE TNNE CHOCOLATq CONFISERIE SOTUCHOC IAA	39000
45 ALBATEh Te tile	36980
46 STE AUTO CABLES TUNISIE Electronipue	36900
47 CHO CAMPANb Industrie	36281
48 STE TNNE ELECTR GA* STEG EnerQie	31400
49 TOTAL TUNISIE Pétrole Dérixés	31217
50 MANUFACTURE PRODq CHIMI- UES C. imie	31000
51 MEDITTERRANEAN FOOD IND Industrie		30000
52 CIMENTS DWOUM EL gELIL MCCV		29647
53 TTE INTERNATIONAL Electro Mecanipue		28700
54  INDq ALIMENTAIRES TSIE IAA		28000
55 CARTHAGO CERAMIC MCCV		27143
56 MAR- UARDT AUTOMOTIVE TSIE IEE		27000
57 TSIE PROFILES ALUMINUM Industrie		26628
58 GROUPE TRIgI Industrie IAA		26300
59 LA POSTE TUNISIENNE Serxices		25487
60 GROUPE STPA C. imievElectricité		25000
61 TUNIS RE Réassurance		24288
62 FILATURE ITALIENNE Te tile		24000
63 GRANUPHOS SA C. imie		23661
64 TOPEgA Te tile		23512
65 SLAMA FRERES Industrie		23436
66 BRASLAM Commerce		22357
67 CAROSSERIES AUTO MATERIELS ELEVq IME		21481
68 GIAS IAA		21205
69 TELNET (X) InJormatipue		21200
70 STE TNNE BISCUITERIE SOTUBI IAA		20500
71 CHRISTINE CONFECTION Te tile		20486
72 GROUPE MOHSEN HACHICHA DIVERS		20000
73 CONFISERIE TRIgI MOULIN IAA		19863
74 FILATURE MAHDIA Te tile		19437
75 LES CIMENTS BI*ERTE MCCV		19344
76 SOFI PECHE IAA		18940
77 CAIR TUNISIE IndvP. armaceutipue		18632
78 SOMOCER MCCV		18566
79 MEDITERRANIAN IND GROUP IMM		18000
80 STE IND AMORTISSEURS Industrie		17231
81 COGITEL (X) Industrie		15552
82 EFFE 1 C. aussures		14050
83 OTI TUNISIE Trans/ort		14000
84 SONEDE E /l ô  Dist Eau		13915
85 STE ALTRAD TUNISIE Ind Méc Métallipue		13671
86 CIMENTS ARTIFICIELS TUNq MCCV		13357
87 ITALOvTNNE EhPLOITq PETROLIERE Mines énerQie		13160
88 CALEMBO (X) IAA		13000
89 GROUPE GHALI Industrie		12500
90 DEMCO gNITY EAR Te tile		12359
91 ELEONETECH Electro Mécanipue		12300
92 UNIPACg Industrie		12149
93 CONFECTION RAS ZEBEL Te tile		11758
94 GROUPE ABOU Y ALID Industrie		10550
95 AIR LI- UIDE TUNISIE C. imie		10441
96 CIE GHORBEL EhPORTATION Commerce		10136
97 UNPA (LWEPI DWOR) IAA		10000
98 ENFAVET Te tile		9089
99 GROUPE BONNA TUNISIE (X) BTP		9046
100 STE TNNE EhPLOSIFS MUNITIONS Industrie		9001
101 MEUNIERE TUNISIENNE IAA		9000
102 GROUPE AMORIM Industrie		8961
103 TECHNIPLAST INDUSTRIE Electronipue		8900
104 NCI MCCV		8839
105 IND APPAREILLAGE MATq ELECTR (X) Industrie		8700
106 ISALbS Te tile		8615
107 GROUPE ISA Te tile		8530
108 STE EMBALLAGE SAHEL EmKallaQe		8526
109 STE CIMENTS GABES MCCV		8515
110 SOTEFI Fournitures Scolaires		8376
111 MAMI (X) Te tile		8297
112 TRAPSA Trans/ort Qa oduc		8200
113 STE CONSERVE ALIMENTq PRODq CAP BON IAA		8091
114 ADVENTURE LAND PLATE FORME Te tile		7953
115 LES CIMENTS DWENFIDHA MCCV		7930
116 SOFAP MCCV		7899
117 SIPS MCCV		7855
118 SOMATRAvGET BTP		7833
119 TUNISIE LAIT IAA		7626
120 COMETE ENGINEERING Serxices		7330
121 STE TNNE VERRIERE v SOTUVER Industrie		7304
122 GIT Commerce		7285
123 STE IFRIgbA HOLDING SARL Te tile		7204
124 BôB TRICOT Te tile		7200
125 IFEHUILE Industrie		7104
126 ARABE IND PHARMACEUTI- UES IndvP. armaceutipue		7000
127 GROUPE OhIA SerxvInJormatipue		6877
128 SOCIETE AL gHOUTAF Industrie		6603
129 TOP FINITION Te tile		6602
130 STE LA GRIFFE Te tile		6600
131 RO*ATEh Te tile		6600
132 CARTONNERIE TUNISIENNE Industrie		6566
133 ZAEGER CONTROLS TUNISIA SA Instruments mesure		6495
134 LAFPROM TUNISIE Te tile		6298
135 GROUPE MSFvROTOPLAST C. imie		6250
136 SOBITEh Te tile		6140
137 STE TNNE EMBALLAGES MODERNES Industrie		5859
138 AMC ERNST ô  bOUNG Audit Conseil		5500
139 PLASTIC SFAh EmKallaQe		5400
140 SIDILEC INTERNATIONAL IEE		5278
141 LES CIMENTS DE ZBEL EL OUST MCCV		5160
142 LES GRANDS ATELIERS NORD Industrie		5108
143 SOMEFvTUNISIE IEE		5033
144 STE IND CONSERVES ALIMENT IAA		5028
145 STE IND PHARMACEUTI- UES TUNISIE IndvP. armaceutipue		5024
146 GROUPE APEM TUNISIE AssemKlaQe électrq		5019
147 LES IND ALIMENTAIRES RANDA IAA		5000
148 STE ACROALIMENTAIRE DE TUNISIE IAA		5000
149 FRIES TUNISIE Te tile		4970
150 STE ELAN PLUS Cuir et C. aussure		4868
151 PROSID	SidérurQie	4630
152 STE PROMOq IND METALLI- UES (X)	Industrie	4619
153 EMS	MCCV	4600
154 LES ATELIERS MECANI- UES IND	Industrie	4502
155 AGRINVEST	IAA	4501
156 SOCIETE FORUM LIVII	Te tile	4284
157 SIMONE TEhTILE	Te tile	4266
158 GROUPE ALMIA REFRIGERATION	Industrie	4141
159 SILEh EhPORT	Te tile	4000
160 GROUPE ADVANCED EvTECHNq AeTECH	TIC	3967
161 STMT	Trans/ort	3830
162 PARC ACTq ECONOMI- UES BI*ERTE	E /ort	3758
163 OLIVOLIO	Industrie	3755
164 STE TNNE TRICOTAGE CONFECTION	Te tile	3574
165 SANIMED	Industrie	3536
166 CAP BON FRIGORIFI- UE PLUS		3508
167 MIB	Commerce	3423
168 MAHDIA CORSETERIE	Te tile	3422
169 INTEGRA PARTNERS	Finance	3244
170 DUMMEL	Te tile	3205
171 LE CAVALIER	Te tile	3200
172 CIE AFRICAINE PEINTURES	C. imie	3196
173 GROUPE IGL	SerxvInJormatipue	3191
174 SLAMA HUILES	IAA	3017
175 OFFICE AVIATION CIVILE AEROPORTS OACA	Trans/ort aérien	3000
176 Ets Mq LOUgIL et Cie	Commerce matq aQricq	3000
177 STE Y IDED IMPORT EhPORT	Trans/ort	3000
178 GIF FILTER (X)	IMM	2918
179 Axiation TraininQ Center Tunisia	Serxices	2886
180 STE SACEMA	Electr Mécanipue	2654
181 SOCIETE RACING HORSE	Te tile	2562
182 STRAMICA (STRAMIFLEh)	Ind du Bois	2559
183 FITOLINA	Industrie	2559
184 UNION INTER  FILATURE	Te tile	2493
185 MESZED AISSA CONFECTq MACO	Te tile	2491
186 STE IND LINGERIE	Te tile	2482
187 GROUPE STIVEL	Te tile	2394
188 IND FABRq COLLE ET DERIVES	C. imie	2348
189 STE  IND TRANSFORMATION	Peinture	2310
190 STE SICOVET	Te tile	2225
191 ALMIA REFRIGERATION	Industrie	2137
192 ALIF	Mines EnerQie	2077
193 SOFIG	IAA	2004
194 BSB SA	Commq Bureautipue	2000
195 RAFFINERIE	Industrie	1890
196 STE NUTRITION ANIMALE	IAA	1769
197 REGIE NAT TABACS ALLUMETTES	IAA	1600
198 MEDCOM	Télécommunications	1600
199 ABOU Y ALID TRADING	Industrie	1598
200 LES VIGNERONS CARTHAGE v UCCV	IAA	1500
